<?xml version="1.0"?>
<manifest xmlns="http://www.imsglobal.org/xsd/imscp_v1p1" xmlns:imsqti="http://www.imsglobal.org/xsd/imsqti_v2p1" xmlns:xsi="http://www.w3.org/2001/XMLSchema-instance" xsi:schemaLocation="http://www.imsglobal.org/xsd/imscp_v1p1 imscp_v1p1.xsd http://www.imsglobal.org/xsd/imsqti_v2p1 imsqti_v2p1.xsd" identifier="IMS-MANIFEST-BasicLinear5">
	<organizations/>
	<resources>
    	<resource identifier="Q01" type="imsqti_item_xmlv2p1" href="Q01/qti.xml">
    		<file href="Q01/qti.xml"/>
		</resource>
		<resource identifier="Q02" type="imsqti_item_xmlv2p1" href="Q02/qti.xml">
    		<file href="Q02/qti.xml"/>
		</resource>
		<resource identifier="Q03" type="imsqti_item_xmlv2p1" href="Q03/qti.xml">
    		<file href="Q03/qti.xml"/>
		</resource>
		<resource identifier="Q04" type="imsqti_item_xmlv2p1" href="Q04/qti.xml">
    		<file href="Q04/qti.xml"/>
		</resource>
		<resource identifier="Q05" type="imsqti_item_xmlv2p1" href="Q05/qti.xml">
    		<file href="Q05/qti.xml"/>
		</resource>
		<resource identifier="Q06" type="imsqti_item_xmlv2p1" href="Q06/qti.xml">
    		<file href="Q06/qti.xml"/>
		</resource>
		<resource identifier="Q07" type="imsqti_item_xmlv2p1" href="Q07/qti.xml">
    		<file href="Q07/qti.xml"/>
		</resource>
		<resource identifier="Q08" type="imsqti_item_xmlv2p1" href="Q08/qti.xml">
    		<file href="Q08/qti.xml"/>
		</resource>
		<resource identifier="Q09" type="imsqti_item_xmlv2p1" href="Q09/qti.xml">
    		<file href="Q09/qti.xml"/>
		</resource>
		<resource identifier="Q10" type="imsqti_item_xmlv2p1" href="Q10/qti.xml">
    		<file href="Q10/qti.xml"/>
		</resource>
		<resource identifier="Q11" type="imsqti_item_xmlv2p1" href="Q11/qti.xml">
    		<file href="Q11/qti.xml"/>
		</resource>
		<resource identifier="Q12" type="imsqti_item_xmlv2p1" href="Q12/qti.xml">
    		<file href="Q12/qti.xml"/>
		</resource>
		<resource identifier="Q13" type="imsqti_item_xmlv2p1" href="Q13/qti.xml">
    		<file href="Q13/qti.xml"/>
		</resource>
		<resource identifier="Q14" type="imsqti_item_xmlv2p1" href="Q14/qti.xml">
    		<file href="Q14/qti.xml"/>
		</resource>
		<resource identifier="Q15" type="imsqti_item_xmlv2p1" href="Q15/qti.xml">
    		<file href="Q15/qti.xml"/>
		</resource>
	</resources>
</manifest>
