<?xml version="1.0"?>
<manifest xmlns="http://www.imsglobal.org/xsd/imscp_v1p1" xmlns:imsqti="http://www.imsglobal.org/xsd/imsqti_v2p1" xmlns:xsi="http://www.w3.org/2001/XMLSchema-instance" xsi:schemaLocation="http://www.imsglobal.org/xsd/imscp_v1p1 imscp_v1p1.xsd http://www.imsglobal.org/xsd/imsqti_v2p1 imsqti_v2p1.xsd" identifier="IMS-MANIFEST-BasicLinear5">
	<organizations/>
	<resources>
    	<resource identifier="Q01" type="imsqti_item_xmlv2p1" href="Q01/qti.xml">
    		<metadata>
        		<schema>IMS QTI Item</schema>
        		<schemaversion>2.1</schemaversion>      
        		<imsqti:qtiMetadata>
        			<imsqti:timeDependent>false</imsqti:timeDependent>
            		<imsqti:interactionType>choice</imsqti:interactionType>
            		<imsqti:feedbackType>nonadaptive</imsqti:feedbackType>
        			<imsqti:solutionAvailable/>
        			<imsqti:toolName>TAO</imsqti:toolName>
        			<imsqti:toolVersion>2.6</imsqti:toolVersion>
        		<imsqti:toolVendor>Open Assessment Technologies S.A.</imsqti:toolVendor>
    		</imsqti:qtiMetadata>
    		</metadata>
    		<file href="Q01/qti.xml"/>
		</resource>
		
		<resource identifier="Q02" type="imsqti_item_xmlv2p1" href="Q02/qti.xml">
    		<metadata>
        		<schema>IMS QTI Item</schema>
        		<schemaversion>2.1</schemaversion>      
        		<imsqti:qtiMetadata>
        			<imsqti:timeDependent>false</imsqti:timeDependent>
            		<imsqti:interactionType>choice</imsqti:interactionType>
            		<imsqti:feedbackType>nonadaptive</imsqti:feedbackType>
        			<imsqti:solutionAvailable/>
        			<imsqti:toolName>TAO</imsqti:toolName>
        			<imsqti:toolVersion>2.6</imsqti:toolVersion>
        		<imsqti:toolVendor>Open Assessment Technologies S.A.</imsqti:toolVendor>
    		</imsqti:qtiMetadata>
    		</metadata>
    		<file href="Q02/qti.xml"/>
		</resource>
		
		<resource identifier="Q03" type="imsqti_item_xmlv2p1" href="Q03/qti.xml">
    		<metadata>
        		<schema>IMS QTI Item</schema>
        		<schemaversion>2.1</schemaversion>      
        		<imsqti:qtiMetadata>
        			<imsqti:timeDependent>false</imsqti:timeDependent>
            		<imsqti:interactionType>choice</imsqti:interactionType>
            		<imsqti:feedbackType>nonadaptive</imsqti:feedbackType>
        			<imsqti:solutionAvailable/>
        			<imsqti:toolName>TAO</imsqti:toolName>
        			<imsqti:toolVersion>2.6</imsqti:toolVersion>
        		<imsqti:toolVendor>Open Assessment Technologies S.A.</imsqti:toolVendor>
    		</imsqti:qtiMetadata>
    		</metadata>
    		<file href="Q03/qti.xml"/>
		</resource>
		
		<resource identifier="Q04" type="imsqti_item_xmlv2p1" href="Q04/qti.xml">
    		<metadata>
        		<schema>IMS QTI Item</schema>
        		<schemaversion>2.1</schemaversion>      
        		<imsqti:qtiMetadata>
        			<imsqti:timeDependent>false</imsqti:timeDependent>
            		<imsqti:interactionType>choice</imsqti:interactionType>
            		<imsqti:feedbackType>nonadaptive</imsqti:feedbackType>
        			<imsqti:solutionAvailable/>
        			<imsqti:toolName>TAO</imsqti:toolName>
        			<imsqti:toolVersion>2.6</imsqti:toolVersion>
        		<imsqti:toolVendor>Open Assessment Technologies S.A.</imsqti:toolVendor>
    		</imsqti:qtiMetadata>
    		</metadata>
    		<file href="Q04/qti.xml"/>
		</resource>
		
		<resource identifier="Q05" type="imsqti_item_xmlv2p1" href="Q05/qti.xml">
    		<metadata>
        		<schema>IMS QTI Item</schema>
        		<schemaversion>2.1</schemaversion>      
        		<imsqti:qtiMetadata>
        			<imsqti:timeDependent>false</imsqti:timeDependent>
            		<imsqti:interactionType>choice</imsqti:interactionType>
            		<imsqti:feedbackType>nonadaptive</imsqti:feedbackType>
        			<imsqti:solutionAvailable/>
        			<imsqti:toolName>TAO</imsqti:toolName>
        			<imsqti:toolVersion>2.6</imsqti:toolVersion>
        		<imsqti:toolVendor>Open Assessment Technologies S.A.</imsqti:toolVendor>
    		</imsqti:qtiMetadata>
    		</metadata>
    		<file href="Q05/qti.xml"/>
		</resource>
		
		<resource identifier="Q06" type="imsqti_item_xmlv2p1" href="Q06/qti.xml">
    		<metadata>
        		<schema>IMS QTI Item</schema>
        		<schemaversion>2.1</schemaversion>      
        		<imsqti:qtiMetadata>
        			<imsqti:timeDependent>false</imsqti:timeDependent>
            		<imsqti:interactionType>choice</imsqti:interactionType>
            		<imsqti:feedbackType>nonadaptive</imsqti:feedbackType>
        			<imsqti:solutionAvailable/>
        			<imsqti:toolName>TAO</imsqti:toolName>
        			<imsqti:toolVersion>2.6</imsqti:toolVersion>
        		<imsqti:toolVendor>Open Assessment Technologies S.A.</imsqti:toolVendor>
    		</imsqti:qtiMetadata>
    		</metadata>
    		<file href="Q06/qti.xml"/>
		</resource>
		
		<resource identifier="Q07" type="imsqti_item_xmlv2p1" href="Q07/qti.xml">
    		<metadata>
        		<schema>IMS QTI Item</schema>
        		<schemaversion>2.1</schemaversion>      
        		<imsqti:qtiMetadata>
        			<imsqti:timeDependent>false</imsqti:timeDependent>
            		<imsqti:interactionType>choice</imsqti:interactionType>
            		<imsqti:feedbackType>nonadaptive</imsqti:feedbackType>
        			<imsqti:solutionAvailable/>
        			<imsqti:toolName>TAO</imsqti:toolName>
        			<imsqti:toolVersion>2.6</imsqti:toolVersion>
        		<imsqti:toolVendor>Open Assessment Technologies S.A.</imsqti:toolVendor>
    		</imsqti:qtiMetadata>
    		</metadata>
    		<file href="Q07/qti.xml"/>
		</resource>
		
		<resource identifier="Q08" type="imsqti_item_xmlv2p1" href="Q08/qti.xml">
    		<metadata>
        		<schema>IMS QTI Item</schema>
        		<schemaversion>2.1</schemaversion>      
        		<imsqti:qtiMetadata>
        			<imsqti:timeDependent>false</imsqti:timeDependent>
            		<imsqti:interactionType>choice</imsqti:interactionType>
            		<imsqti:feedbackType>nonadaptive</imsqti:feedbackType>
        			<imsqti:solutionAvailable/>
        			<imsqti:toolName>TAO</imsqti:toolName>
        			<imsqti:toolVersion>2.6</imsqti:toolVersion>
        		<imsqti:toolVendor>Open Assessment Technologies S.A.</imsqti:toolVendor>
    		</imsqti:qtiMetadata>
    		</metadata>
    		<file href="Q08/qti.xml"/>
		</resource>
		
		<resource identifier="Q09" type="imsqti_item_xmlv2p1" href="Q09/qti.xml">
    		<metadata>
        		<schema>IMS QTI Item</schema>
        		<schemaversion>2.1</schemaversion>      
        		<imsqti:qtiMetadata>
        			<imsqti:timeDependent>false</imsqti:timeDependent>
            		<imsqti:interactionType>choice</imsqti:interactionType>
            		<imsqti:feedbackType>nonadaptive</imsqti:feedbackType>
        			<imsqti:solutionAvailable/>
        			<imsqti:toolName>TAO</imsqti:toolName>
        			<imsqti:toolVersion>2.6</imsqti:toolVersion>
        		<imsqti:toolVendor>Open Assessment Technologies S.A.</imsqti:toolVendor>
    		</imsqti:qtiMetadata>
    		</metadata>
    		<file href="Q09/qti.xml"/>
		</resource>
		
		<resource identifier="Q10" type="imsqti_item_xmlv2p1" href="Q10/qti.xml">
    		<metadata>
        		<schema>IMS QTI Item</schema>
        		<schemaversion>2.1</schemaversion>      
        		<imsqti:qtiMetadata>
        			<imsqti:timeDependent>false</imsqti:timeDependent>
            		<imsqti:interactionType>choice</imsqti:interactionType>
            		<imsqti:feedbackType>nonadaptive</imsqti:feedbackType>
        			<imsqti:solutionAvailable/>
        			<imsqti:toolName>TAO</imsqti:toolName>
        			<imsqti:toolVersion>2.6</imsqti:toolVersion>
        		<imsqti:toolVendor>Open Assessment Technologies S.A.</imsqti:toolVendor>
    		</imsqti:qtiMetadata>
    		</metadata>
    		<file href="Q10/qti.xml"/>
		</resource>
	</resources>
</manifest>
