<?xml version="1.0" encoding="UTF-8"?>
<assessmentItem xmlns="http://www.imsglobal.org/xsd/imsqti_v2p1" xmlns:xsi="http://www.w3.org/2001/XMLSchema-instance" xsi:schemaLocation="http://www.imsglobal.org/xsd/imsqti_v2p1  imsqti_v2p1.xsd"
	identifier="int44" title="int44" adaptive="false" timeDependent="false">
	<responseDeclaration identifier="RESPONSE" cardinality="single" baseType="identifier">
		<correctResponse>
			<value>int44</value>
		</correctResponse>
	</responseDeclaration>
	<outcomeDeclaration identifier="SCORE" cardinality="single" baseType="float">
		<defaultValue>
			<value>0</value>
		</defaultValue>
	</outcomeDeclaration>
	<itemBody>
	    <h2>integer:44</h2>
		<choiceInteraction id="interaction" responseIdentifier="RESPONSE" shuffle="false" maxChoices="1">
			<prompt>What is The Response?</prompt>
			<simpleChoice identifier="int11">int:41</simpleChoice>
			<simpleChoice identifier="int12">int:42</simpleChoice>
			<simpleChoice identifier="int13">int:43</simpleChoice>
			<simpleChoice identifier="int14">int:44</simpleChoice>
			<simpleChoice identifier="int15">int:45</simpleChoice>
			<simpleChoice identifier="int16">int:46</simpleChoice>
			<simpleChoice identifier="int17">int:47</simpleChoice>
			<simpleChoice identifier="int18">int:48</simpleChoice>
			<simpleChoice identifier="int19">int:49</simpleChoice>
			<simpleChoice identifier="int20">int:50</simpleChoice>
		</choiceInteraction>
	</itemBody>
	<responseProcessing>
	    <setOutcomeValue identifier="SCORE">
	        <customOperator class="oat.kutimo.model.Korekton">
	            <variable identifier="RESPONSE"/>
	        </customOperator>
	    </setOutcomeValue>
	</responseProcessing>
</assessmentItem>
