<?xml version="1.0" encoding="UTF-8"?>
<assessmentItem xmlns="http://www.imsglobal.org/xsd/imsqti_v2p1" xmlns:xsi="http://www.w3.org/2001/XMLSchema-instance" xsi:schemaLocation="http://www.imsglobal.org/xsd/imsqti_v2p1  imsqti_v2p1.xsd"
	identifier="int13" title="int13" adaptive="false" timeDependent="false">
	<responseDeclaration identifier="RESPONSE" cardinality="single" baseType="identifier">
		<correctResponse>
			<value>int13</value>
		</correctResponse>
	</responseDeclaration>
	<outcomeDeclaration identifier="SCORE" cardinality="single" baseType="float">
		<defaultValue>
			<value>0</value>
		</defaultValue>
	</outcomeDeclaration>
	<itemBody>
	    <h2>integer:13</h2>
		<choiceInteraction id="interaction" responseIdentifier="RESPONSE" shuffle="false" maxChoices="1">
			<prompt>What is The Response?</prompt>
			<simpleChoice identifier="int11">int:11</simpleChoice>
			<simpleChoice identifier="int12">int:12</simpleChoice>
			<simpleChoice identifier="int13">int:13</simpleChoice>
			<simpleChoice identifier="int14">int:14</simpleChoice>
			<simpleChoice identifier="int15">int:15</simpleChoice>
			<simpleChoice identifier="int16">int:16</simpleChoice>
			<simpleChoice identifier="int17">int:17</simpleChoice>
			<simpleChoice identifier="int18">int:18</simpleChoice>
			<simpleChoice identifier="int19">int:19</simpleChoice>
			<simpleChoice identifier="int20">int:20</simpleChoice>
		</choiceInteraction>
	</itemBody>
	<responseProcessing template="http://www.imsglobal.org/question/qti_v2p1/rptemplates/match_correct"/>
</assessmentItem>
