<?xml version="1.0" encoding="UTF-8"?>
<assessmentItem xmlns="http://www.imsglobal.org/xsd/imsqti_v2p1" xmlns:xsi="http://www.w3.org/2001/XMLSchema-instance" xsi:schemaLocation="http://www.imsglobal.org/xsd/imsqti_v2p1  imsqti_v2p1.xsd"
	identifier="int3" title="int3" adaptive="false" timeDependent="false">
	<responseDeclaration identifier="RESPONSE" cardinality="single" baseType="identifier">
		<correctResponse>
			<value>int3</value>
		</correctResponse>
	</responseDeclaration>
	<outcomeDeclaration identifier="SCORE" cardinality="single" baseType="float">
		<defaultValue>
			<value>0</value>
		</defaultValue>
	</outcomeDeclaration>
	<itemBody>
	    <h2>integer:3</h2>
		<choiceInteraction id="interaction" responseIdentifier="RESPONSE" shuffle="false" maxChoices="1">
			<prompt>What is The Response?</prompt>
			<simpleChoice identifier="int1">int:1</simpleChoice>
			<simpleChoice identifier="int2">int:2</simpleChoice>
			<simpleChoice identifier="int3">int:3</simpleChoice>
			<simpleChoice identifier="int4">int:4</simpleChoice>
			<simpleChoice identifier="int5">int:5</simpleChoice>
			<simpleChoice identifier="int6">int:6</simpleChoice>
			<simpleChoice identifier="int7">int:7</simpleChoice>
			<simpleChoice identifier="int8">int:8</simpleChoice>
			<simpleChoice identifier="int9">int:9</simpleChoice>
			<simpleChoice identifier="int10">int:10</simpleChoice>
		</choiceInteraction>
	</itemBody>
	<responseProcessing template="http://www.imsglobal.org/question/qti_v2p1/rptemplates/match_correct"/>
</assessmentItem>
