<?xml version="1.0" encoding="UTF-8"?>
<assessmentItem xmlns="http://www.imsglobal.org/xsd/imsqti_v2p1" xmlns:xsi="http://www.w3.org/2001/XMLSchema-instance" xsi:schemaLocation="http://www.imsglobal.org/xsd/imsqti_v2p1  imsqti_v2p1.xsd"
	identifier="int30" title="int30" adaptive="false" timeDependent="false">
	<responseDeclaration identifier="RESPONSE" cardinality="single" baseType="identifier">
		<correctResponse>
			<value>int30</value>
		</correctResponse>
	</responseDeclaration>
	<outcomeDeclaration identifier="SCORE" cardinality="single" baseType="float">
		<defaultValue>
			<value>0</value>
		</defaultValue>
	</outcomeDeclaration>
	<itemBody>
	    <h2>integer:30</h2>
		<choiceInteraction id="interaction" responseIdentifier="RESPONSE" shuffle="false" maxChoices="1">
			<prompt>What is The Response?</prompt>
			<simpleChoice identifier="int11">int:21</simpleChoice>
			<simpleChoice identifier="int12">int:22</simpleChoice>
			<simpleChoice identifier="int13">int:23</simpleChoice>
			<simpleChoice identifier="int14">int:24</simpleChoice>
			<simpleChoice identifier="int15">int:25</simpleChoice>
			<simpleChoice identifier="int16">int:26</simpleChoice>
			<simpleChoice identifier="int17">int:27</simpleChoice>
			<simpleChoice identifier="int18">int:28</simpleChoice>
			<simpleChoice identifier="int19">int:29</simpleChoice>
			<simpleChoice identifier="int20">int:30</simpleChoice>
		</choiceInteraction>
	</itemBody>
	<responseProcessing>
	    <setOutcomeValue identifier="SCORE">
	        <customOperator class="oat.kutimo.model.Korekton">
	            <variable identifier="RESPONSE"/>
	        </customOperator>
	    </setOutcomeValue>
	</responseProcessing>
</assessmentItem>
