<?xml version="1.0"?>
<manifest xmlns="http://www.imsglobal.org/xsd/imscp_v1p1" xmlns:imsqti="http://www.imsglobal.org/xsd/imsqti_v2p1" xmlns:xsi="http://www.w3.org/2001/XMLSchema-instance" xsi:schemaLocation="http://www.imsglobal.org/xsd/imscp_v1p1 imscp_v1p1.xsd http://www.imsglobal.org/xsd/imsqti_v2p1 imsqti_v2p1.xsd" identifier="IMS-MANIFEST-BasicLinear5">
	<organizations/>
	<resources>
    	<resource identifier="Q01" type="imsqti_item_xmlv2p1" href="Q01/qti.xml">
    		<file href="Q01/qti.xml"/>
		</resource>
		<resource identifier="Q02" type="imsqti_item_xmlv2p1" href="Q02/qti.xml">
    		<file href="Q02/qti.xml"/>
		</resource>
		<resource identifier="Q03" type="imsqti_item_xmlv2p1" href="Q03/qti.xml">
    		<file href="Q03/qti.xml"/>
		</resource>
		<resource identifier="Q04" type="imsqti_item_xmlv2p1" href="Q04/qti.xml">
    		<file href="Q04/qti.xml"/>
		</resource>
		<resource identifier="Q05" type="imsqti_item_xmlv2p1" href="Q05/qti.xml">
    		<file href="Q05/qti.xml"/>
		</resource>
	</resources>
</manifest>
