<?xml version="1.0"?>
<manifest xmlns="http://www.imsglobal.org/xsd/imscp_v1p1" xmlns:imsqti="http://www.imsglobal.org/xsd/imsqti_v2p1" xmlns:xsi="http://www.w3.org/2001/XMLSchema-instance" xsi:schemaLocation="http://www.imsglobal.org/xsd/imscp_v1p1 imscp_v1p1.xsd http://www.imsglobal.org/xsd/imsqti_v2p1 imsqti_v2p1.xsd" identifier="IMS-MANIFEST-BasicLinear5">
	<organizations/>
	<resources>
    	<resource identifier="Q01" type="imsqti_item_xmlv2p1" href="Q01/qti.xml">
    		<file href="Q01/qti.xml"/>
		</resource>
		<resource identifier="Q02" type="imsqti_item_xmlv2p1" href="Q02/qti.xml">
    		<file href="Q02/qti.xml"/>
		</resource>
		<resource identifier="Q03" type="imsqti_item_xmlv2p1" href="Q03/qti.xml">
    		<file href="Q03/qti.xml"/>
		</resource>
		<resource identifier="Q04" type="imsqti_item_xmlv2p1" href="Q04/qti.xml">
    		<file href="Q04/qti.xml"/>
		</resource>
		<resource identifier="Q05" type="imsqti_item_xmlv2p1" href="Q05/qti.xml">
    		<file href="Q05/qti.xml"/>
		</resource>
		<resource identifier="Q06" type="imsqti_item_xmlv2p1" href="Q06/qti.xml">
    		<file href="Q06/qti.xml"/>
		</resource>
		<resource identifier="Q07" type="imsqti_item_xmlv2p1" href="Q07/qti.xml">
    		<file href="Q07/qti.xml"/>
		</resource>
		<resource identifier="Q08" type="imsqti_item_xmlv2p1" href="Q08/qti.xml">
    		<file href="Q08/qti.xml"/>
		</resource>
		<resource identifier="Q09" type="imsqti_item_xmlv2p1" href="Q09/qti.xml">
    		<file href="Q09/qti.xml"/>
		</resource>
		<resource identifier="Q10" type="imsqti_item_xmlv2p1" href="Q10/qti.xml">
    		<file href="Q10/qti.xml"/>
		</resource>
		<resource identifier="Q11" type="imsqti_item_xmlv2p1" href="Q11/qti.xml">
    		<file href="Q11/qti.xml"/>
		</resource>
		<resource identifier="Q12" type="imsqti_item_xmlv2p1" href="Q12/qti.xml">
    		<file href="Q12/qti.xml"/>
		</resource>
		<resource identifier="Q13" type="imsqti_item_xmlv2p1" href="Q13/qti.xml">
    		<file href="Q13/qti.xml"/>
		</resource>
		<resource identifier="Q14" type="imsqti_item_xmlv2p1" href="Q14/qti.xml">
    		<file href="Q14/qti.xml"/>
		</resource>
		<resource identifier="Q15" type="imsqti_item_xmlv2p1" href="Q15/qti.xml">
    		<file href="Q15/qti.xml"/>
		</resource>
		<resource identifier="Q16" type="imsqti_item_xmlv2p1" href="Q16/qti.xml">
    		<file href="Q16/qti.xml"/>
		</resource>
		<resource identifier="Q17" type="imsqti_item_xmlv2p1" href="Q17/qti.xml">
    		<file href="Q17/qti.xml"/>
		</resource>
		<resource identifier="Q18" type="imsqti_item_xmlv2p1" href="Q18/qti.xml">
    		<file href="Q18/qti.xml"/>
		</resource>
		<resource identifier="Q19" type="imsqti_item_xmlv2p1" href="Q19/qti.xml">
    		<file href="Q19/qti.xml"/>
		</resource>
		<resource identifier="Q20" type="imsqti_item_xmlv2p1" href="Q20/qti.xml">
    		<file href="Q20/qti.xml"/>
		</resource>
		<resource identifier="Q21" type="imsqti_item_xmlv2p1" href="Q21/qti.xml">
    		<file href="Q21/qti.xml"/>
		</resource>
		<resource identifier="Q22" type="imsqti_item_xmlv2p1" href="Q22/qti.xml">
    		<file href="Q22/qti.xml"/>
		</resource>
		<resource identifier="Q23" type="imsqti_item_xmlv2p1" href="Q23/qti.xml">
    		<file href="Q23/qti.xml"/>
		</resource>
		<resource identifier="Q24" type="imsqti_item_xmlv2p1" href="Q24/qti.xml">
    		<file href="Q24/qti.xml"/>
		</resource>
		<resource identifier="Q25" type="imsqti_item_xmlv2p1" href="Q25/qti.xml">
    		<file href="Q25/qti.xml"/>
		</resource>
		<resource identifier="Q26" type="imsqti_item_xmlv2p1" href="Q26/qti.xml">
    		<file href="Q26/qti.xml"/>
		</resource>
		<resource identifier="Q27" type="imsqti_item_xmlv2p1" href="Q27/qti.xml">
    		<file href="Q27/qti.xml"/>
		</resource>
		<resource identifier="Q28" type="imsqti_item_xmlv2p1" href="Q28/qti.xml">
    		<file href="Q28/qti.xml"/>
		</resource>
		<resource identifier="Q29" type="imsqti_item_xmlv2p1" href="Q29/qti.xml">
    		<file href="Q29/qti.xml"/>
		</resource>
		<resource identifier="Q30" type="imsqti_item_xmlv2p1" href="Q30/qti.xml">
    		<file href="Q30/qti.xml"/>
		</resource>
		<resource identifier="Q31" type="imsqti_item_xmlv2p1" href="Q31/qti.xml">
    		<file href="Q31/qti.xml"/>
		</resource>
		<resource identifier="Q32" type="imsqti_item_xmlv2p1" href="Q32/qti.xml">
    		<file href="Q32/qti.xml"/>
		</resource>
		<resource identifier="Q33" type="imsqti_item_xmlv2p1" href="Q33/qti.xml">
    		<file href="Q33/qti.xml"/>
		</resource>
		<resource identifier="Q34" type="imsqti_item_xmlv2p1" href="Q34/qti.xml">
    		<file href="Q34/qti.xml"/>
		</resource>
		<resource identifier="Q35" type="imsqti_item_xmlv2p1" href="Q35/qti.xml">
    		<file href="Q35/qti.xml"/>
		</resource>
		<resource identifier="Q36" type="imsqti_item_xmlv2p1" href="Q36/qti.xml">
    		<file href="Q36/qti.xml"/>
		</resource>
		<resource identifier="Q37" type="imsqti_item_xmlv2p1" href="Q37/qti.xml">
    		<file href="Q37/qti.xml"/>
		</resource>
		<resource identifier="Q38" type="imsqti_item_xmlv2p1" href="Q38/qti.xml">
    		<file href="Q38/qti.xml"/>
		</resource>
		<resource identifier="Q39" type="imsqti_item_xmlv2p1" href="Q39/qti.xml">
    		<file href="Q39/qti.xml"/>
		</resource>
		<resource identifier="Q40" type="imsqti_item_xmlv2p1" href="Q40/qti.xml">
    		<file href="Q40/qti.xml"/>
		</resource>
		<resource identifier="Q41" type="imsqti_item_xmlv2p1" href="Q41/qti.xml">
    		<file href="Q41/qti.xml"/>
		</resource>
		<resource identifier="Q42" type="imsqti_item_xmlv2p1" href="Q42/qti.xml">
    		<file href="Q42/qti.xml"/>
		</resource>
		<resource identifier="Q43" type="imsqti_item_xmlv2p1" href="Q43/qti.xml">
    		<file href="Q43/qti.xml"/>
		</resource>
		<resource identifier="Q44" type="imsqti_item_xmlv2p1" href="Q44/qti.xml">
    		<file href="Q44/qti.xml"/>
		</resource>
		<resource identifier="Q45" type="imsqti_item_xmlv2p1" href="Q45/qti.xml">
    		<file href="Q45/qti.xml"/>
		</resource>
		<resource identifier="Q46" type="imsqti_item_xmlv2p1" href="Q46/qti.xml">
    		<file href="Q46/qti.xml"/>
		</resource>
		<resource identifier="Q47" type="imsqti_item_xmlv2p1" href="Q47/qti.xml">
    		<file href="Q47/qti.xml"/>
		</resource>
		<resource identifier="Q48" type="imsqti_item_xmlv2p1" href="Q48/qti.xml">
    		<file href="Q48/qti.xml"/>
		</resource>
		<resource identifier="Q49" type="imsqti_item_xmlv2p1" href="Q49/qti.xml">
    		<file href="Q49/qti.xml"/>
		</resource>
		<resource identifier="Q50" type="imsqti_item_xmlv2p1" href="Q50/qti.xml">
    		<file href="Q50/qti.xml"/>
		</resource>
	</resources>
</manifest>
